Year,Month,Year.month,Anomaly_average
1880,1,1880.1,-0.5818709677
1880,2,1880.2,-1.285103448
1880,3,1880.3,-1.11383871
1880,4,1880.4,-0.6359
1880,5,1880.5,-0.1220967742
1880,6,1880.6,-0.2363
1880,7,1880.7,-0.1203870968
1880,8,1880.8,-0.2069354839
1880,9,1880.9,-0.5526
1880,10,1880.10,-0.4872903226
1880,11,1880.11,-0.7216
1880,12,1880.12,-0.4390645161
1881,1,1881.1,-0.699
1881,2,1881.2,-0.4301785714
1881,3,1881.3,-0.02235483871
1881,4,1881.4,0.05743333333
1881,5,1881.5,0.4128064516
1881,6,1881.6,-0.5961
1881,7,1881.7,0.08374193548
1881,8,1881.8,-0.05006451613
1881,9,1881.9,-0.2931666667
1881,10,1881.10,-0.7658387097
1881,11,1881.11,-1.0828
1881,12,1881.12,-0.2014193548
1882,1,1882.1,-0.05103225806
1882,2,1882.2,0.2419285714
1882,3,1882.3,-0.1049677419
1882,4,1882.4,-0.3853666667
1882,5,1882.5,-0.3788064516
1882,6,1882.6,-0.3572
1882,7,1882.7,-0.4602903226
1882,8,1882.8,-0.1212580645
1882,9,1882.9,-0.3595
1882,10,1882.10,-0.6735483871
1882,11,1882.11,-1.3
1882,12,1882.12,-1.320258065
1883,1,1883.1,-1.263483871
1883,2,1883.2,-0.8809642857
1883,3,1883.3,-0.5131290323
1883,4,1883.4,-0.08293333333
1883,5,1883.5,-0.2758709677
1883,6,1883.6,0.2442333333
1883,7,1883.7,-0.2690322581
1883,8,1883.8,-0.5439677419
1883,9,1883.9,-0.6707666667
1883,10,1883.10,-0.5108709677
1883,11,1883.11,-0.9441666667
1883,12,1883.12,-0.4578064516
1884,1,1884.1,-0.6552903226
1884,2,1884.2,-0.4423103448
1884,3,1884.3,-1.046032258
1884,4,1884.4,-1.0679
1884,5,1884.5,-0.9305483871
1884,6,1884.6,-0.6453
1884,7,1884.7,-0.7337741935
1884,8,1884.8,-0.477
1884,9,1884.9,-0.6707333333
1884,10,1884.10,-0.8559677419
1884,11,1884.11,-0.9931333333
1884,12,1884.12,-0.8419354839
1885,1,1885.1,-1.36516129
1885,2,1885.2,-0.9803571429
1885,3,1885.3,-0.5896451613
1885,4,1885.4,-0.2235666667
1885,5,1885.5,-0.5500645161
1885,6,1885.6,-0.4342666667
1885,7,1885.7,-0.1302580645
1885,8,1885.8,-0.5928064516
1885,9,1885.9,-0.4984666667
1885,10,1885.10,-0.6268064516
1885,11,1885.11,-0.5979333333
1885,12,1885.12,-0.1283548387
1886,1,1886.1,-1.341225806
1886,2,1886.2,-1.167428571
1886,3,1886.3,-1.046612903
1886,4,1886.4,0.03983333333
1886,5,1886.5,-0.3250645161
1886,6,1886.6,-0.4862
1886,7,1886.7,-0.05041935484
1886,8,1886.8,-0.407516129
1886,9,1886.9,-0.5299333333
1886,10,1886.10,-0.6303870968
1886,11,1886.11,-0.8225666667
1886,12,1886.12,-0.5618709677
1887,1,1887.1,-1.524096774
1887,2,1887.2,-1.008107143
1887,3,1887.3,-0.6380645161
1887,4,1887.4,-0.3239666667
1887,5,1887.5,-0.05503225806
1887,6,1887.6,-0.5232666667
1887,7,1887.7,-0.05693548387
1887,8,1887.8,-0.7915483871
1887,9,1887.9,-0.417
1887,10,1887.10,-0.7397741935
1887,11,1887.11,-0.5533666667
1887,12,1887.12,-0.7778387097
1888,1,1888.1,-1.250806452
1888,2,1888.2,-0.789862069
1888,3,1888.3,-1.083129032
1888,4,1888.4,-0.2347
1888,5,1888.5,-0.5808709677
1888,6,1888.6,-0.3925666667
1888,7,1888.7,-0.2153225806
1888,8,1888.8,-0.2649032258
1888,9,1888.9,-0.2443333333
1888,10,1888.10,-0.2769032258
1888,11,1888.11,-0.2285
1888,12,1888.12,-0.284
1889,1,1889.1,-0.352516129
1889,2,1889.2,-0.09314285714
1889,3,1889.3,0.6185806452
1889,4,1889.4,0.5515
1889,5,1889.5,0.2010322581
1889,6,1889.6,0.05383333333
1889,7,1889.7,-0.05035483871
1889,8,1889.8,-0.3385806452
1889,9,1889.9,-0.5376666667
1889,10,1889.10,-0.6668709677
1889,11,1889.11,-1.069366667
1889,12,1889.12,-0.3545806452
1890,1,1890.1,-0.7454516129
1890,2,1890.2,-0.6823928571
1890,3,1890.3,-0.9069677419
1890,4,1890.4,-0.2148666667
1890,5,1890.5,-0.5562258065
1890,6,1890.6,-0.3863
1890,7,1890.7,-0.311
1890,8,1890.8,-0.523516129
1890,9,1890.9,-0.4724333333
1890,10,1890.10,-0.3425483871
1890,11,1890.11,-0.8309333333
1890,12,1890.12,-1.175419355
1891,1,1891.1,-0.7467096774
1891,2,1891.2,-1.037214286
1891,3,1891.3,-0.6436451613
1891,4,1891.4,-0.2705333333
1891,5,1891.5,-0.4515806452
1891,6,1891.6,-0.3365666667
1891,7,1891.7,-0.4352903226
1891,8,1891.8,-0.4189032258
1891,9,1891.9,-0.236
1891,10,1891.10,-0.7009354839
1891,11,1891.11,-1.134966667
1891,12,1891.12,0.2453225806
1892,1,1892.1,-0.9392580645
1892,2,1892.2,-0.09172413793
1892,3,1892.3,-0.9737096774
1892,4,1892.4,-0.4016333333
1892,5,1892.5,-0.4796129032
1892,6,1892.6,0.04996666667
1892,7,1892.7,-0.3836451613
1892,8,1892.8,-0.3106774194
1892,9,1892.9,-0.3567333333
1892,10,1892.10,-0.2299677419
1892,11,1892.11,-1.025833333
1892,12,1892.12,-0.8855806452
1893,1,1893.1,-2.355451613
1893,2,1893.2,-1.261142857
1893,3,1893.3,-0.2721612903
1893,4,1893.4,0.0371
1893,5,1893.5,-0.2376129032
1893,6,1893.6,0.081
1893,7,1893.7,0.17
1893,8,1893.8,-0.2306129032
1893,9,1893.9,-0.3304
1893,10,1893.10,-0.1610322581
1893,11,1893.11,-0.6131333333
1893,12,1893.12,-0.6122580645
1894,1,1894.1,-0.6932258065
1894,2,1894.2,-0.8489285714
1894,3,1894.3,0.3461935484
1894,4,1894.4,-0.3146333333
1894,5,1894.5,-0.1608064516
1894,6,1894.6,-0.2460666667
1894,7,1894.7,-0.05793548387
1894,8,1894.8,-0.2927419355
1894,9,1894.9,-0.3924333333
1894,10,1894.10,-0.268483871
1894,11,1894.11,-0.8848333333
1894,12,1894.12,-0.3808387097
1895,1,1895.1,-1.329129032
1895,2,1895.2,-1.439142857
1895,3,1895.3,-0.2231935484
1895,4,1895.4,0.4520333333
1895,5,1895.5,-0.1926774194
1895,6,1895.6,0.05156666667
1895,7,1895.7,-0.223483871
1895,8,1895.8,-0.1931935484
1895,9,1895.9,0.03666666667
1895,10,1895.10,-0.6257741935
1895,11,1895.11,-0.3004666667
1895,12,1895.12,-0.3529677419
1896,1,1896.1,-0.389483871
1896,2,1896.2,-0.2264482759
1896,3,1896.3,-1.303064516
1896,4,1896.4,-0.3773
1896,5,1896.5,-0.08512903226
1896,6,1896.6,0.0212
1896,7,1896.7,0.1110645161
1896,8,1896.8,0.02838709677
1896,9,1896.9,-0.2608666667
1896,10,1896.10,-0.05119354839
1896,11,1896.11,-0.9442
1896,12,1896.12,-0.2863548387
1897,1,1897.1,-0.9642580645
1897,2,1897.2,-0.4731785714
1897,3,1897.3,-0.7456451613
1897,4,1897.4,0.4755
1897,5,1897.5,0.3223870968
1897,6,1897.6,0.09773333333
1897,7,1897.7,0.321
1897,8,1897.8,-0.2670322581
1897,9,1897.9,0.0251
1897,10,1897.10,-0.03287096774
1897,11,1897.11,-0.7282333333
1897,12,1897.12,-0.7786774194
1898,1,1898.1,0.06251612903
1898,2,1898.2,-0.8285
1898,3,1898.3,-0.8711290323
1898,4,1898.4,-0.4541333333
1898,5,1898.5,-0.1135806452
1898,6,1898.6,0.2481666667
1898,7,1898.7,-0.1102258065
1898,8,1898.8,-0.1920322581
1898,9,1898.9,-0.3135333333
1898,10,1898.10,-0.7178387097
1898,11,1898.11,-0.7734666667
1898,12,1898.12,-0.6142580645
1899,1,1899.1,0.2199032258
1899,2,1899.2,-1.189964286
1899,3,1899.3,-0.3802903226
1899,4,1899.4,0.6221333333
1899,5,1899.5,-0.01251612903
1899,6,1899.6,-0.1371
1899,7,1899.7,-0.1119677419
1899,8,1899.8,-0.03029032258
1899,9,1899.9,-0.09413333333
1899,10,1899.10,-0.006387096774
1899,11,1899.11,0.4482
1899,12,1899.12,-1.21916129
1900,1,1900.1,-0.4388709677
1900,2,1900.2,-0.5801785714
1900,3,1900.3,0.3498709677
1900,4,1900.4,0.6191666667
1900,5,1900.5,0.4180645161
1900,6,1900.6,0.3369333333
1900,7,1900.7,-0.09241935484
1900,8,1900.8,0.05219354839
1900,9,1900.9,-0.3316
1900,10,1900.10,0.404
1900,11,1900.11,-0.7906333333
1900,12,1900.12,-0.2427419355
1901,1,1901.1,-0.2758387097
1901,2,1901.2,-0.6078571429
1901,3,1901.3,0.7008709677
1901,4,1901.4,0.4995666667
1901,5,1901.5,0.3299032258
1901,6,1901.6,0.02266666667
1901,7,1901.7,0.3737419355
1901,8,1901.8,-0.08080645161
1901,9,1901.9,-0.4254666667
1901,10,1901.10,-0.06812903226
1901,11,1901.11,-0.4517
1901,12,1901.12,-0.5077419355
1902,1,1902.1,0.151483871
1902,2,1902.2,-0.06428571429
1902,3,1902.3,0.3588709677
1902,4,1902.4,-0.227
1902,5,1902.5,0.09264516129
1902,6,1902.6,-0.07736666667
1902,7,1902.7,0.07522580645
1902,8,1902.8,-0.2028387097
1902,9,1902.9,-0.5905666667
1902,10,1902.10,-0.5727096774
1902,11,1902.11,-0.6045333333
1902,12,1902.12,-1.556612903
1903,1,1903.1,-0.004451612903
1903,2,1903.2,-0.234
1903,3,1903.3,0.4177741935
1903,4,1903.4,-0.3357666667
1903,5,1903.5,-0.04187096774
1903,6,1903.6,-0.4630666667
1903,7,1903.7,-0.02825806452
1903,8,1903.8,-0.4719354839
1903,9,1903.9,-0.7325333333
1903,10,1903.10,-0.3756451613
1903,11,1903.11,-0.8053333333
1903,12,1903.12,-0.903
1904,1,1904.1,-0.9562258065
1904,2,1904.2,-0.9870689655
1904,3,1904.3,-0.3452903226
1904,4,1904.4,-0.5449
1904,5,1904.5,-0.08122580645
1904,6,1904.6,-0.3753666667
1904,7,1904.7,-0.4772258065
1904,8,1904.8,-0.5243225806
1904,9,1904.9,-0.6178
1904,10,1904.10,-0.5562580645
1904,11,1904.11,0.0284
1904,12,1904.12,-0.4446129032
1905,1,1905.1,-0.5188387097
1905,2,1905.2,-1.597571429
1905,3,1905.3,0.3210967742
1905,4,1905.4,-0.4117666667
1905,5,1905.5,-0.07141935484
1905,6,1905.6,-0.001366666667
1905,7,1905.7,-0.1861612903
1905,8,1905.8,-0.195516129
1905,9,1905.9,-0.2448333333
1905,10,1905.10,-0.6462903226
1905,11,1905.11,0.03666666667
1905,12,1905.12,-0.6465483871
1906,1,1906.1,-0.2163548387
1906,2,1906.2,-0.7494642857
1906,3,1906.3,-0.8114516129
1906,4,1906.4,1.111033333
1906,5,1906.5,0.177483871
1906,6,1906.6,0.1169333333
1906,7,1906.7,0.04651612903
1906,8,1906.8,-0.03741935484
1906,9,1906.9,-0.1701
1906,10,1906.10,-0.3674516129
1906,11,1906.11,-0.6610666667
1906,12,1906.12,-0.2451290323
1907,1,1907.1,-0.8664193548
1907,2,1907.2,-1.094785714
1907,3,1907.3,0.09648387097
1907,4,1907.4,-0.8387333333
1907,5,1907.5,-0.6442258065
1907,6,1907.6,-0.4909666667
1907,7,1907.7,-0.2568709677
1907,8,1907.8,-0.5132580645
1907,9,1907.9,-0.3953
1907,10,1907.10,-0.2533225806
1907,11,1907.11,-1.0734
1907,12,1907.12,-0.7108709677
1908,1,1908.1,-0.3514193548
1908,2,1908.2,-0.746137931
1908,3,1908.3,-0.5612258065
1908,4,1908.4,-0.2079
1908,5,1908.5,0.01206451613
1908,6,1908.6,0.01373333333
1908,7,1908.7,0.124516129
1908,8,1908.8,-0.5005483871
1908,9,1908.9,-0.008033333333
1908,10,1908.10,-0.7160322581
1908,11,1908.11,-0.8709
1908,12,1908.12,-1.016
1909,1,1909.1,-1.246483871
1909,2,1909.2,-0.491
1909,3,1909.3,-0.4949032258
1909,4,1909.4,-0.3941666667
1909,5,1909.5,-0.4413225806
1909,6,1909.6,-0.0406
1909,7,1909.7,-0.2972258065
1909,8,1909.8,0.09841935484
1909,9,1909.9,-0.2357333333
1909,10,1909.10,-0.3821612903
1909,11,1909.11,0.3739333333
1909,12,1909.12,-1.326806452
1910,1,1910.1,0.01658064516
1910,2,1910.2,-1.075464286
1910,3,1910.3,0.6269677419
1910,4,1910.4,-0.1115666667
1910,5,1910.5,-0.2240322581
1910,6,1910.6,-0.0145
1910,7,1910.7,0.2070322581
1910,8,1910.8,-0.2172580645
1910,9,1910.9,-0.3307
1910,10,1910.10,-0.2083225806
1910,11,1910.11,-1.161366667
1910,12,1910.12,-1.282096774
1911,1,1911.1,-0.9451935484
1911,2,1911.2,-0.9390357143
1911,3,1911.3,-0.4038709677
1911,4,1911.4,-0.3825666667
1911,5,1911.5,0.03770967742
1911,6,1911.6,-0.07606666667
1911,7,1911.7,-0.1437741935
1911,8,1911.8,-0.4042580645
1911,9,1911.9,-0.3192
1911,10,1911.10,-0.1941290323
1911,11,1911.11,-0.7636333333
1911,12,1911.12,0.1482903226
1912,1,1912.1,-0.8938064516
1912,2,1912.2,0.2104482759
1912,3,1912.3,-0.9321935484
1912,4,1912.4,0.3090666667
1912,5,1912.5,0.2853548387
1912,6,1912.6,0.0709
1912,7,1912.7,-0.2776129032
1912,8,1912.8,-0.6999354839
1912,9,1912.9,-0.8981333333
1912,10,1912.10,-0.8973870968
1912,11,1912.11,-0.8091666667
1912,12,1912.12,-0.7651612903
1913,1,1913.1,-0.6319032258
1913,2,1913.2,-1.122392857
1913,3,1913.3,-0.3886451613
1913,4,1913.4,0.1874666667
1913,5,1913.5,-0.3052258065
1913,6,1913.6,-0.1165
1913,7,1913.7,-0.05858064516
1913,8,1913.8,0.07977419355
1913,9,1913.9,-0.3971
1913,10,1913.10,-0.5101935484
1913,11,1913.11,0.1715666667
1913,12,1913.12,0.08119354839
1914,1,1914.1,0.9330322581
1914,2,1914.2,-0.4055
1914,3,1914.3,0.2026451613
1914,4,1914.4,0.1324666667
1914,5,1914.5,0.3827419355
1914,6,1914.6,0.2864
1914,7,1914.7,0.2386129032
1914,8,1914.8,-0.06516129032
1914,9,1914.9,-0.3544333333
1914,10,1914.10,0.08522580645
1914,11,1914.11,-0.1854
1914,12,1914.12,-0.7886774194
1915,1,1915.1,-0.2976774194
1915,2,1915.2,0.4246785714
1915,3,1915.3,-0.4908387097
1915,4,1915.4,1.277566667
1915,5,1915.5,0.1364193548
1915,6,1915.6,0.1939
1915,7,1915.7,0.2417096774
1915,8,1915.8,-0.02206451613
1915,9,1915.9,-0.2658333333
1915,10,1915.10,-0.2913225806
1915,11,1915.11,-0.1585
1915,12,1915.12,-0.1784516129
1916,1,1916.1,-0.3069032258
1916,2,1916.2,-0.1969310345
1916,3,1916.3,-0.2592258065
1916,4,1916.4,0.0289
1916,5,1916.5,-0.09209677419
1916,6,1916.6,-0.5661
1916,7,1916.7,0.109516129
1916,8,1916.8,-0.1500322581
1916,9,1916.9,-0.4374
1916,10,1916.10,-0.3175483871
1916,11,1916.11,-0.6039333333
1916,12,1916.12,-1.540354839
1917,1,1917.1,-0.5119032258
1917,2,1917.2,-1.063642857
1917,3,1917.3,-0.4604516129
1917,4,1917.4,-0.1267666667
1917,5,1917.5,-0.7821612903
1917,6,1917.6,-0.2557
1917,7,1917.7,0.1793548387
1917,8,1917.8,-0.407
1917,9,1917.9,-0.3509333333
1917,10,1917.10,-1.164322581
1917,11,1917.11,-0.1002666667
1917,12,1917.12,-1.919516129
1918,1,1918.1,-1.246516129
1918,2,1918.2,-0.6152142857
1918,3,1918.3,0.03432258065
1918,4,1918.4,-0.6391333333
1918,5,1918.5,-0.3372580645
1918,6,1918.6,-0.1478666667
1918,7,1918.7,-0.3402258065
1918,8,1918.8,-0.0915483871
1918,9,1918.9,-0.6146333333
1918,10,1918.10,0.2670322581
1918,11,1918.11,-0.8696
1918,12,1918.12,-0.9290322581
1919,1,1919.1,-0.3926451613
1919,2,1919.2,-0.712
1919,3,1919.3,-0.3246129032
1919,4,1919.4,0.4420333333
1919,5,1919.5,-0.1454193548
1919,6,1919.6,0.1784333333
1919,7,1919.7,0.1365483871
1919,8,1919.8,-0.07012903226
1919,9,1919.9,0.0461
1919,10,1919.10,-0.2752903226
1919,11,1919.11,-0.8250666667
1919,12,1919.12,-0.8614516129
1920,1,1920.1,-0.2199677419
1920,2,1920.2,-0.3149310345
1920,3,1920.3,0.05116129032
1920,4,1920.4,-0.1370666667
1920,5,1920.5,0.1684516129
1920,6,1920.6,-0.0576
1920,7,1920.7,0.1307419355
1920,8,1920.8,-0.1570967742
1920,9,1920.9,-0.2850666667
1920,10,1920.10,-0.292516129
1920,11,1920.11,-1.103466667
1920,12,1920.12,-1.237129032
1921,1,1921.1,0.1517419355
1921,2,1921.2,-0.2757857143
1921,3,1921.3,0.3134516129
1921,4,1921.4,0.0566
1921,5,1921.5,0.1222580645
1921,6,1921.6,0.4012666667
1921,7,1921.7,0.3973870968
1921,8,1921.8,-0.354516129
1921,9,1921.9,-0.1283333333
1921,10,1921.10,-0.1310967742
1921,11,1921.11,-0.7311333333
1921,12,1921.12,-0.08916129032
1922,1,1922.1,-0.9079677419
1922,2,1922.2,-0.9016785714
1922,3,1922.3,0.03677419355
1922,4,1922.4,0.3088666667
1922,5,1922.5,0.2479032258
1922,6,1922.6,0.2003
1922,7,1922.7,-0.06525806452
1922,8,1922.8,-0.2602580645
1922,9,1922.9,-0.3307
1922,10,1922.10,-0.4496129032
1922,11,1922.11,-0.3182666667
1922,12,1922.12,-0.6353870968
1923,1,1923.1,0.06258064516
1923,2,1923.2,-1.012071429
1923,3,1923.3,-0.292
1923,4,1923.4,-0.0423
1923,5,1923.5,-0.07761290323
1923,6,1923.6,0.0439
1923,7,1923.7,-0.04396774194
1923,8,1923.8,-0.4065806452
1923,9,1923.9,-0.0973
1923,10,1923.10,-0.166
1923,11,1923.11,0.03706666667
1923,12,1923.12,0.3176451613
1924,1,1924.1,-1.063354839
1924,2,1924.2,-0.09034482759
1924,3,1924.3,-0.1389032258
1924,4,1924.4,0.0277
1924,5,1924.5,-0.08393548387
1924,6,1924.6,0.2558333333
1924,7,1924.7,-0.00735483871
1924,8,1924.8,-0.02258064516
1924,9,1924.9,-0.5104666667
1924,10,1924.10,-0.006709677419
1924,11,1924.11,0.1311
1924,12,1924.12,-0.9259032258
1925,1,1925.1,-0.7563548387
1925,2,1925.2,-0.2394285714
1925,3,1925.3,-0.2048064516
1925,4,1925.4,0.5399
1925,5,1925.5,-0.2530645161
1925,6,1925.6,0.1034666667
1925,7,1925.7,-0.07561290323
1925,8,1925.8,-0.1647419355
1925,9,1925.9,0.1471333333
1925,10,1925.10,-0.7597419355
1925,11,1925.11,0.09843333333
1925,12,1925.12,0.3359677419
1926,1,1926.1,0.5191935484
1926,2,1926.2,0.6603928571
1926,3,1926.3,0.272
1926,4,1926.4,0.2098333333
1926,5,1926.5,0.07535483871
1926,6,1926.6,-0.03436666667
1926,7,1926.7,0.1905483871
1926,8,1926.8,0.1266129032
1926,9,1926.9,-0.1860666667
1926,10,1926.10,0.2612258065
1926,11,1926.11,-0.1728333333
1926,12,1926.12,-0.8800967742
1927,1,1927.1,-0.5787096774
1927,2,1927.2,-0.2503214286
1927,3,1927.3,-0.3954193548
1927,4,1927.4,-0.1135
1927,5,1927.5,0.02658064516
1927,6,1927.6,0.02386666667
1927,7,1927.7,0.3157096774
1927,8,1927.8,-0.2724193548
1927,9,1927.9,0.1544
1927,10,1927.10,0.5150645161
1927,11,1927.11,-0.02093333333
1927,12,1927.12,-1.252580645
1928,1,1928.1,0.371516129
1928,2,1928.2,0.01427586207
1928,3,1928.3,-0.1134193548
1928,4,1928.4,-0.2768333333
1928,5,1928.5,0.3802903226
1928,6,1928.6,-0.3537333333
1928,7,1928.7,0.2679354839
1928,8,1928.8,0.01587096774
1928,9,1928.9,-0.2999666667
1928,10,1928.10,0.1217741935
1928,11,1928.11,-0.05503333333
1928,12,1928.12,0.075
1929,1,1929.1,-1.03216129
1929,2,1929.2,-1.486607143
1929,3,1929.3,0.4949677419
1929,4,1929.4,-0.1150666667
1929,5,1929.5,-0.1131612903
1929,6,1929.6,-0.3201666667
1929,7,1929.7,-0.1957096774
1929,8,1929.8,-0.1654193548
1929,9,1929.9,-0.4415333333
1929,10,1929.10,0.029
1929,11,1929.11,-0.5024666667
1929,12,1929.12,-0.938483871
1930,1,1930.1,-1.383354839
1930,2,1930.2,0.4163214286
1930,3,1930.3,-0.09880645161
1930,4,1930.4,0.4104666667
1930,5,1930.5,-0.1789677419
1930,6,1930.6,0.1619666667
1930,7,1930.7,0.3119354839
1930,8,1930.8,0.1028387097
1930,9,1930.9,-0.1464
1930,10,1930.10,-0.3697419355
1930,11,1930.11,0.2838
1930,12,1930.12,-0.3132580645
1931,1,1931.1,-0.08361290323
1931,2,1931.2,-0.2645714286
1931,3,1931.3,-0.3808709677
1931,4,1931.4,0.2363666667
1931,5,1931.5,-0.06487096774
1931,6,1931.6,0.2935666667
1931,7,1931.7,0.5340967742
1931,8,1931.8,0.06680645161
1931,9,1931.9,0.2455333333
1931,10,1931.10,0.3835483871
1931,11,1931.11,-0.1192666667
1931,12,1931.12,0.02548387097
1932,1,1932.1,0.6626129032
1932,2,1932.2,-0.1372068966
1932,3,1932.3,-0.8109032258
1932,4,1932.4,0.6699333333
1932,5,1932.5,0.1312258065
1932,6,1932.6,0.09476666667
1932,7,1932.7,0.06032258065
1932,8,1932.8,0.08203225806
1932,9,1932.9,0.1640333333
1932,10,1932.10,0.08367741935
1932,11,1932.11,-0.4741
1932,12,1932.12,-0.837483871
1933,1,1933.1,-0.1169354839
1933,2,1933.2,-1.077071429
1933,3,1933.3,-0.1359032258
1933,4,1933.4,-0.07693333333
1933,5,1933.5,-0.08680645161
1933,6,1933.6,0.0316
1933,7,1933.7,0.01161290323
1933,8,1933.8,-0.2152580645
1933,9,1933.9,-0.1837666667
1933,10,1933.10,-0.343
1933,11,1933.11,-0.6151666667
1933,12,1933.12,-1.156612903
1934,1,1934.1,0.01241935484
1934,2,1934.2,-0.058
1934,3,1934.3,-0.2254516129
1934,4,1934.4,0.0011
1934,5,1934.5,0.4609354839
1934,6,1934.6,0.01456666667
1934,7,1934.7,0.2107741935
1934,8,1934.8,-0.1902258065
1934,9,1934.9,-0.5824666667
1934,10,1934.10,0.0004838709677
1934,11,1934.11,0.1062
1934,12,1934.12,-0.3613870968
1935,1,1935.1,-0.6969677419
1935,2,1935.2,0.8489642857
1935,3,1935.3,0.2034516129
1935,4,1935.4,-0.3117666667
1935,5,1935.5,-0.4159677419
1935,6,1935.6,0.008933333333
1935,7,1935.7,0.2437419355
1935,8,1935.8,-0.1335806452
1935,9,1935.9,-0.272
1935,10,1935.10,0.01296774194
1935,11,1935.11,-0.9152666667
1935,12,1935.12,-0.5168387097
1936,1,1936.1,-0.3760322581
1936,2,1936.2,-1.680655172
1936,3,1936.3,0.4843548387
1936,4,1936.4,-0.4752
1936,5,1936.5,0.279483871
1936,6,1936.6,-0.05716666667
1936,7,1936.7,0.4496451613
1936,8,1936.8,0.04370967742
1936,9,1936.9,-0.1254666667
1936,10,1936.10,-0.03038709677
1936,11,1936.11,-0.2833
1936,12,1936.12,0.2084193548
1937,1,1937.1,-0.7038709677
1937,2,1937.2,0.2995714286
1937,3,1937.3,-0.297
1937,4,1937.4,0.07426666667
1937,5,1937.5,0.4348387097
1937,6,1937.6,0.2649333333
1937,7,1937.7,0.1757419355
1937,8,1937.8,0.2669354839
1937,9,1937.9,0.05763333333
1937,10,1937.10,0.2200645161
1937,11,1937.11,-0.1978333333
1937,12,1937.12,-0.564483871
1938,1,1938.1,0.1542903226
1938,2,1938.2,0.044
1938,3,1938.3,0.7979032258
1938,4,1938.4,0.5454333333
1938,5,1938.5,0.3099677419
1938,6,1938.6,0.1016666667
1938,7,1938.7,0.1917419355
1938,8,1938.8,0.1568064516
1938,9,1938.9,0.1658666667
1938,10,1938.10,0.4282903226
1938,11,1938.11,-0.05593333333
1938,12,1938.12,-0.4578064516
1939,1,1939.1,0.506516129
1939,2,1939.2,-0.4707142857
1939,3,1939.3,0.03225806452
1939,4,1939.4,0.2562
1939,5,1939.5,0.5128064516
1939,6,1939.6,0.1416666667
1939,7,1939.7,0.2769677419
1939,8,1939.8,0.003387096774
1939,9,1939.9,-0.0592
1939,10,1939.10,-0.4393548387
1939,11,1939.11,-0.1574333333
1939,12,1939.12,1.313064516
1940,1,1940.1,-1.183
1940,2,1940.2,0.2665172414
1940,3,1940.3,0.2124516129
1940,4,1940.4,0.4002666667
1940,5,1940.5,0.2500322581
1940,6,1940.6,0.2801
1940,7,1940.7,0.3084193548
1940,8,1940.8,-0.025
1940,9,1940.9,0.1025666667
1940,10,1940.10,0.1886451613
1940,11,1940.11,-0.4879333333
1940,12,1940.12,0.3223548387
1941,1,1941.1,-0.1282580645
1941,2,1941.2,0.34175
1941,3,1941.3,-0.03996774194
1941,4,1941.4,0.6451
1941,5,1941.5,0.4159032258
1941,6,1941.6,0.2917666667
1941,7,1941.7,0.5626774194
1941,8,1941.8,0.082
1941,9,1941.9,-0.3483333333
1941,10,1941.10,0.1971935484
1941,11,1941.11,-0.4546333333
1941,12,1941.12,0.03629032258
1942,1,1942.1,0.1017419355
1942,2,1942.2,-0.5245714286
1942,3,1942.3,0.2307741935
1942,4,1942.4,0.5347666667
1942,5,1942.5,0.1393870968
1942,6,1942.6,0.2036333333
1942,7,1942.7,0.1191290323
1942,8,1942.8,-0.07248387097
1942,9,1942.9,-0.1062
1942,10,1942.10,0.3026129032
1942,11,1942.11,-0.0128
1942,12,1942.12,-0.08132258065
1943,1,1943.1,-0.6259677419
1943,2,1943.2,0.6795357143
1943,3,1943.3,-0.3347096774
1943,4,1943.4,0.8521
1943,5,1943.5,0.3103548387
1943,6,1943.6,0.03083333333
1943,7,1943.7,0.2218387097
1943,8,1943.8,0.0594516129
1943,9,1943.9,-0.1578333333
1943,10,1943.10,0.4341290323
1943,11,1943.11,-0.1155
1943,12,1943.12,0.1521612903
1944,1,1944.1,0.9580645161
1944,2,1944.2,0.3825517241
1944,3,1944.3,0.1035483871
1944,4,1944.4,0.3127
1944,5,1944.5,0.5016129032
1944,6,1944.6,0.071
1944,7,1944.7,0.2223870968
1944,8,1944.8,0.3176774194
1944,9,1944.9,0.3161666667
1944,10,1944.10,0.474483871
1944,11,1944.11,-0.1624666667
1944,12,1944.12,-0.6908387097
1945,1,1945.1,-0.4406451613
1945,2,1945.2,-0.4614285714
1945,3,1945.3,0.4066451613
1945,4,1945.4,0.3301333333
1945,5,1945.5,-0.02832258065
1945,6,1945.6,0.01366666667
1945,7,1945.7,0.1235483871
1945,8,1945.8,0.3498064516
1945,9,1945.9,0.05256666667
1945,10,1945.10,0.1199354839
1945,11,1945.11,-0.2296666667
1945,12,1945.12,-1.028774194
1946,1,1946.1,0.2700645161
1946,2,1946.2,-0.008571428571
1946,3,1946.3,0.5314193548
1946,4,1946.4,0.6811666667
1946,5,1946.5,0.131483871
1946,6,1946.6,0.04386666667
1946,7,1946.7,0.2407741935
1946,8,1946.8,-0.1688709677
1946,9,1946.9,-0.0434
1946,10,1946.10,-0.192
1946,11,1946.11,-0.3027
1946,12,1946.12,-0.6590967742
1947,1,1947.1,-0.1354516129
1947,2,1947.2,-0.2608928571
1947,3,1947.3,0.6460322581
1947,4,1947.4,0.7919666667
1947,5,1947.5,0.3184193548
1947,6,1947.6,0.1185
1947,7,1947.7,0.09477419355
1947,8,1947.8,0.1273870968
1947,9,1947.9,-0.0722
1947,10,1947.10,0.7748064516
1947,11,1947.11,-0.4204333333
1947,12,1947.12,-0.1353548387
1948,1,1948.1,0.3229354839
1948,2,1948.2,-0.1571724138
1948,3,1948.3,-0.3258064516
1948,4,1948.4,0.4647666667
1948,5,1948.5,0.2622258065
1948,6,1948.6,0.3258333333
1948,7,1948.7,0.119516129
1948,8,1948.8,0.01148387097
1948,9,1948.9,0.09263333333
1948,10,1948.10,-0.07219354839
1948,11,1948.11,-0.1047666667
1948,12,1948.12,-0.4289032258
1949,1,1949.1,0.095
1949,2,1949.2,-0.4128928571
1949,3,1949.3,-0.1776451613
1949,4,1949.4,0.337
1949,5,1949.5,0.1880645161
1949,6,1949.6,-0.0708
1949,7,1949.7,0.04422580645
1949,8,1949.8,-0.07812903226
1949,9,1949.9,-0.3075666667
1949,10,1949.10,0.0574516129
1949,11,1949.11,-0.1926333333
1949,12,1949.12,-0.6264193548
1950,1,1950.1,-0.9967741935
1950,2,1950.2,-0.4171428571
1950,3,1950.3,-0.1848709677
1950,4,1950.4,-0.01833333333
1950,5,1950.5,0.253516129
1950,6,1950.6,0.07206666667
1950,7,1950.7,-0.1408709677
1950,8,1950.8,-0.3829032258
1950,9,1950.9,-0.3921666667
1950,10,1950.10,-0.07116129032
1950,11,1950.11,-1.077633333
1950,12,1950.12,-0.5866774194
1951,1,1951.1,-0.6098064516
1951,2,1951.2,-0.7465
1951,3,1951.3,-0.3297741935
1951,4,1951.4,0.3823666667
1951,5,1951.5,0.3877419355
1951,6,1951.6,-0.1217
1951,7,1951.7,0.1523225806
1951,8,1951.8,0.1246774194
1951,9,1951.9,0.08406666667
1951,10,1951.10,0.2167096774
1951,11,1951.11,-0.2829666667
1951,12,1951.12,0.3398709677
1952,1,1952.1,0.3488387097
1952,2,1952.2,0.2077586207
1952,3,1952.3,-0.5421612903
1952,4,1952.4,0.4912333333
1952,5,1952.5,0.05187096774
1952,6,1952.6,0.2062666667
1952,7,1952.7,0.2888064516
1952,8,1952.8,0.1547096774
1952,9,1952.9,0.0513
1952,10,1952.10,-0.4026451613
1952,11,1952.11,-0.9232
1952,12,1952.12,-0.4008387097
1953,1,1953.1,0.3603225806
1953,2,1953.2,0.2038571429
1953,3,1953.3,0.7261612903
1953,4,1953.4,0.5494
1953,5,1953.5,0.4651612903
1953,6,1953.6,0.4395333333
1953,7,1953.7,0.2521935484
1953,8,1953.8,0.1228064516
1953,9,1953.9,-0.01793333333
1953,10,1953.10,0.1530645161
1953,11,1953.11,-0.3944333333
1953,12,1953.12,0.01325806452
1954,1,1954.1,-1.045870968
1954,2,1954.2,0.1695714286
1954,3,1954.3,-0.4459677419
1954,4,1954.4,0.3545333333
1954,5,1954.5,-0.2752580645
1954,6,1954.6,0.1470333333
1954,7,1954.7,0.1031935484
1954,8,1954.8,-0.1076774194
1954,9,1954.9,-0.0101
1954,10,1954.10,0.05480645161
1954,11,1954.11,0.1351
1954,12,1954.12,-0.233483871
1955,1,1955.1,0.3801612903
1955,2,1955.2,-0.1767857143
1955,3,1955.3,-0.5426451613
1955,4,1955.4,0.1854666667
1955,5,1955.5,0.1233225806
1955,6,1955.6,0.04493333333
1955,7,1955.7,0.234483871
1955,8,1955.8,0.312483871
1955,9,1955.9,-0.2419666667
1955,10,1955.10,0.2119354839
1955,11,1955.11,-0.6589
1955,12,1955.12,-0.6187096774
1956,1,1956.1,-0.06138709677
1956,2,1956.2,-0.7990344828
1956,3,1956.3,-0.1847419355
1956,4,1956.4,-0.3692
1956,5,1956.5,-0.2312903226
1956,6,1956.6,-0.08273333333
1956,7,1956.7,-0.1388387097
1956,8,1956.8,-0.5416129032
1956,9,1956.9,-0.4917
1956,10,1956.10,-0.3652903226
1956,11,1956.11,-0.8938666667
1956,12,1956.12,-0.1318387097
1957,1,1957.1,-0.844483871
1957,2,1957.2,0.1546071429
1957,3,1957.3,-0.3261935484
1957,4,1957.4,0.1502333333
1957,5,1957.5,0.01977419355
1957,6,1957.6,0.4252
1957,7,1957.7,-0.01751612903
1957,8,1957.8,-0.03364516129
1957,9,1957.9,0.03243333333
1957,10,1957.10,-0.1750322581
1957,11,1957.11,-0.03753333333
1957,12,1957.12,0.5460322581
1958,1,1958.1,0.6616451613
1958,2,1958.2,0.2781428571
1958,3,1958.3,0.17
1958,4,1958.4,0.4855333333
1958,5,1958.5,0.5775806452
1958,6,1958.6,-0.2414666667
1958,7,1958.7,0.02967741935
1958,8,1958.8,-0.1957096774
1958,9,1958.9,-0.4319333333
1958,10,1958.10,-0.1381935484
1958,11,1958.11,-0.0477
1958,12,1958.12,-0.2010645161
1959,1,1959.1,0.09841935484
1959,2,1959.2,0.1252857143
1959,3,1959.3,0.757
1959,4,1959.4,0.7299666667
1959,5,1959.5,0.2394193548
1959,6,1959.6,0.3347333333
1959,7,1959.7,0.2620322581
1959,8,1959.8,0.03380645161
1959,9,1959.9,-0.2757
1959,10,1959.10,-0.2565483871
1959,11,1959.11,-0.7801333333
1959,12,1959.12,0.09483870968
1960,1,1960.1,-0.07780645161
1960,2,1960.2,0.3574827586
1960,3,1960.3,-1.004967742
1960,4,1960.4,0.0822
1960,5,1960.5,-0.3458064516
1960,6,1960.6,0.0958
1960,7,1960.7,-0.055
1960,8,1960.8,-0.08961290323
1960,9,1960.9,-0.04283333333
1960,10,1960.10,-0.07025806452
1960,11,1960.11,-0.3316
1960,12,1960.12,0.007064516129
1961,1,1961.1,-0.05777419355
1961,2,1961.2,0.5762142857
1961,3,1961.3,0.4724193548
1961,4,1961.4,0.3946
1961,5,1961.5,0.3542580645
1961,6,1961.6,0.5346666667
1961,7,1961.7,-0.02506451613
1961,8,1961.8,0.06296774194
1961,9,1961.9,-0.0794
1961,10,1961.10,-0.1145483871
1961,11,1961.11,-0.2224
1961,12,1961.12,-0.5215483871
1962,1,1962.1,0.03787096774
1962,2,1962.2,0.4879642857
1962,3,1962.3,0.1119677419
1962,4,1962.4,0.6226
1962,5,1962.5,0.1078387097
1962,6,1962.6,0.04093333333
1962,7,1962.7,-0.127
1962,8,1962.8,-0.1043225806
1962,9,1962.9,-0.3867666667
1962,10,1962.10,0.08922580645
1962,11,1962.11,-0.1961333333
1962,12,1962.12,0.04641935484
1963,1,1963.1,-0.2899354839
1963,2,1963.2,0.6845357143
1963,3,1963.3,0.2702903226
1963,4,1963.4,0.08123333333
1963,5,1963.5,-0.0675483871
1963,6,1963.6,0.05123333333
1963,7,1963.7,0.2707096774
1963,8,1963.8,0.3160967742
1963,9,1963.9,0.3140666667
1963,10,1963.10,0.5911290323
1963,11,1963.11,0.2847666667
1963,12,1963.12,-0.7641290323
1964,1,1964.1,0.2280322581
1964,2,1964.2,-0.3116896552
1964,3,1964.3,-0.5438709677
1964,4,1964.4,-0.1479
1964,5,1964.5,-0.1555483871
1964,6,1964.6,-0.0647
1964,7,1964.7,0.1959032258
1964,8,1964.8,-0.3537096774
1964,9,1964.9,-0.5822333333
1964,10,1964.10,-0.6407741935
1964,11,1964.11,-0.3610666667
1964,12,1964.12,-0.6899032258
1965,1,1965.1,0.09396774194
1965,2,1965.2,-0.2724642857
1965,3,1965.3,-0.2142580645
1965,4,1965.4,0.1636666667
1965,5,1965.5,0.1080645161
1965,6,1965.6,-0.07223333333
1965,7,1965.7,-0.1992903226
1965,8,1965.8,-0.0565483871
1965,9,1965.9,-0.5627
1965,10,1965.10,0.06903225806
1965,11,1965.11,-0.5689333333
1965,12,1965.12,0.03661290323
1966,1,1966.1,-0.6821290323
1966,2,1966.2,0.03564285714
1966,3,1966.3,0.5431290323
1966,4,1966.4,0.07553333333
1966,5,1966.5,0.1237741935
1966,6,1966.6,0.2158333333
1966,7,1966.7,0.3914516129
1966,8,1966.8,-0.135483871
1966,9,1966.9,-0.08913333333
1966,10,1966.10,-0.3438709677
1966,11,1966.11,-0.4006
1966,12,1966.12,-0.6226451613
1967,1,1967.1,-0.04548387097
1967,2,1967.2,-0.4696428571
1967,3,1967.3,0.3846129032
1967,4,1967.4,0.2753
1967,5,1967.5,0.3228709677
1967,6,1967.6,0.05413333333
1967,7,1967.7,0.07480645161
1967,8,1967.8,-0.1147419355
1967,9,1967.9,-0.1509666667
1967,10,1967.10,0.297483871
1967,11,1967.11,-0.136
1967,12,1967.12,-0.1509677419
1968,1,1968.1,-0.4255483871
1968,2,1968.2,-0.09772413793
1968,3,1968.3,0.9176451613
1968,4,1968.4,0.3204
1968,5,1968.5,-0.3007096774
1968,6,1968.6,-0.05793333333
1968,7,1968.7,-0.2747096774
1968,8,1968.8,-0.4602580645
1968,9,1968.9,-0.5186333333
1968,10,1968.10,-0.02041935484
1968,11,1968.11,-0.4780666667
1968,12,1968.12,-0.8810967742
1969,1,1969.1,-0.8812258065
1969,2,1969.2,-0.7974285714
1969,3,1969.3,-0.3649032258
1969,4,1969.4,0.732
1969,5,1969.5,0.3039677419
1969,6,1969.6,0.0228
1969,7,1969.7,0.104483871
1969,8,1969.8,-0.003483870968
1969,9,1969.9,-0.1976
1969,10,1969.10,-0.1048709677
1969,11,1969.11,0.1782333333
1969,12,1969.12,0.2686774194
1970,1,1970.1,-0.1462580645
1970,2,1970.2,0.6740714286
1970,3,1970.3,0.06464516129
1970,4,1970.4,0.5476333333
1970,5,1970.5,0.2123870968
1970,6,1970.6,0.2811
1970,7,1970.7,0.08606451613
1970,8,1970.8,-0.05148387097
1970,9,1970.9,-0.02816666667
1970,10,1970.10,-0.06993548387
1970,11,1970.11,-0.2987
1970,12,1970.12,-0.4533225806
1971,1,1971.1,0.008967741935
1971,2,1971.2,-0.1395714286
1971,3,1971.3,-0.2816129032
1971,4,1971.4,0.3102
1971,5,1971.5,0.1359354839
1971,6,1971.6,-0.08686666667
1971,7,1971.7,-0.1306451613
1971,8,1971.8,0.1201290323
1971,9,1971.9,-0.1105
1971,10,1971.10,0.1510967742
1971,11,1971.11,-0.255
1971,12,1971.12,-0.01619354839
1972,1,1972.1,-0.9672258065
1972,2,1972.2,-0.795862069
1972,3,1972.3,0.1475483871
1972,4,1972.4,0.03153333333
1972,5,1972.5,0.1175483871
1972,6,1972.6,0.0525
1972,7,1972.7,0.04003225806
1972,8,1972.8,0.3018709677
1972,9,1972.9,-0.2175333333
1972,10,1972.10,-0.1357096774
1972,11,1972.11,-0.4773
1972,12,1972.12,-0.1453870968
1973,1,1973.1,0.3313548387
1973,2,1973.2,0.5265714286
1973,3,1973.3,1.039483871
1973,4,1973.4,0.6393666667
1973,5,1973.5,0.7491935484
1973,6,1973.6,0.5973333333
1973,7,1973.7,0.2372258065
1973,8,1973.8,0.1108064516
1973,9,1973.9,-0.0616
1973,10,1973.10,0.2035806452
1973,11,1973.11,-0.2142
1973,12,1973.12,-0.1104193548
1974,1,1974.1,-0.4114516129
1974,2,1974.2,-0.64875
1974,3,1974.3,0.07996774194
1974,4,1974.4,0.2566333333
1974,5,1974.5,0.03396774194
1974,6,1974.6,0.1493
1974,7,1974.7,0.086
1974,8,1974.8,0.1395483871
1974,9,1974.9,-0.3922333333
1974,10,1974.10,-0.4334516129
1974,11,1974.11,-0.4336666667
1974,12,1974.12,-0.2855806452
1975,1,1975.1,0.3522258065
1975,2,1975.2,0.1105714286
1975,3,1975.3,0.5443870968
1975,4,1975.4,0.4462666667
1975,5,1975.5,0.7965483871
1975,6,1975.6,0.1882
1975,7,1975.7,0.1892580645
1975,8,1975.8,-0.263483871
1975,9,1975.9,-0.0997
1975,10,1975.10,-0.1433225806
1975,11,1975.11,-0.3299
1975,12,1975.12,-0.2335483871
1976,1,1976.1,-0.06438709677
1976,2,1976.2,-0.007275862069
1976,3,1976.3,-0.6934516129
1976,4,1976.4,0.08933333333
1976,5,1976.5,-0.2993225806
1976,6,1976.6,-0.1984333333
1976,7,1976.7,-0.1021290323
1976,8,1976.8,-0.2892258065
1976,9,1976.9,-0.2471333333
1976,10,1976.10,-0.879516129
1976,11,1976.11,-0.6345333333
1976,12,1976.12,-0.2071935484
1977,1,1977.1,-0.5760967742
1977,2,1977.2,0.4969642857
1977,3,1977.3,0.7273870968
1977,4,1977.4,0.647
1977,5,1977.5,0.6829032258
1977,6,1977.6,0.5769333333
1977,7,1977.7,0.4307096774
1977,8,1977.8,0.1860645161
1977,9,1977.9,-0.2630333333
1977,10,1977.10,-0.1737419355
1977,11,1977.11,0.2357
1977,12,1977.12,0.03187096774
1978,1,1978.1,0.006516129032
1978,2,1978.2,0.006821428571
1978,3,1978.3,0.7968387097
1978,4,1978.4,0.6426666667
1978,5,1978.5,0.3154193548
1978,6,1978.6,-0.0001333333333
1978,7,1978.7,0.0304516129
1978,8,1978.8,-0.4493548387
1978,9,1978.9,-0.1945333333
1978,10,1978.10,-0.02238709677
1978,11,1978.11,0.1031666667
1978,12,1978.12,-0.02461290323
1979,1,1979.1,-0.3443225806
1979,2,1979.2,-0.4567857143
1979,3,1979.3,0.6404193548
1979,4,1979.4,0.2218333333
1979,5,1979.5,0.1061935484
1979,6,1979.6,0.1414666667
1979,7,1979.7,-0.1052580645
1979,8,1979.8,-0.07196774194
1979,9,1979.9,0.08666666667
1979,10,1979.10,0.1850645161
1979,11,1979.11,-0.1863333333
1979,12,1979.12,0.9280645161
1980,1,1980.1,0.09470967742
1980,2,1980.2,0.4346896552
1980,3,1980.3,0.1652258065
1980,4,1980.4,0.7728333333
1980,5,1980.5,0.5811935484
1980,6,1980.6,0.2899666667
1980,7,1980.7,0.4646774194
1980,8,1980.8,0.3434516129
1980,9,1980.9,0.2852666667
1980,10,1980.10,0.08709677419
1980,11,1980.11,0.3293333333
1980,12,1980.12,0.2381612903
1981,1,1981.1,0.9037419355
1981,2,1981.2,0.9960714286
1981,3,1981.3,1.065096774
1981,4,1981.4,0.8734333333
1981,5,1981.5,0.3396129032
1981,6,1981.6,0.479
1981,7,1981.7,0.5193225806
1981,8,1981.8,0.6361290323
1981,9,1981.9,0.1307666667
1981,10,1981.10,-0.1629032258
1981,11,1981.11,0.1017333333
1981,12,1981.12,0.4912580645
1982,1,1982.1,-0.3189032258
1982,2,1982.2,0.1319642857
1982,3,1982.3,0.046
1982,4,1982.4,0.2257333333
1982,5,1982.5,0.4055806452
1982,6,1982.6,-0.04596666667
1982,7,1982.7,0.3291612903
1982,8,1982.8,0.01541935484
1982,9,1982.9,-0.05816666667
1982,10,1982.10,-0.1981290323
1982,11,1982.11,-0.3114333333
1982,12,1982.12,0.447516129
1983,1,1983.1,0.7764516129
1983,2,1983.2,0.4885
1983,3,1983.3,0.698
1983,4,1983.4,0.4995666667
1983,5,1983.5,0.6102580645
1983,6,1983.6,0.2374666667
1983,7,1983.7,0.3142258065
1983,8,1983.8,0.5789677419
1983,9,1983.9,0.4451666667
1983,10,1983.10,0.205483871
1983,11,1983.11,0.5073
1983,12,1983.12,-0.2309032258
1984,1,1984.1,0.1521935484
1984,2,1984.2,0.1862758621
1984,3,1984.3,0.181
1984,4,1984.4,0.4535666667
1984,5,1984.5,0.6275806452
1984,6,1984.6,0.1532
1984,7,1984.7,0.1266129032
1984,8,1984.8,0.3032903226
1984,9,1984.9,-0.2740666667
1984,10,1984.10,0.1218387097
1984,11,1984.11,-0.5347666667
1984,12,1984.12,-0.3301290323
1985,1,1985.1,-0.1396774194
1985,2,1985.2,-0.4262142857
1985,3,1985.3,0.4886774194
1985,4,1985.4,0.5520333333
1985,5,1985.5,0.4203548387
1985,6,1985.6,0.08056666667
1985,7,1985.7,-0.03258064516
1985,8,1985.8,0.09935483871
1985,9,1985.9,-0.2659
1985,10,1985.10,0.1528709677
1985,11,1985.11,-0.5516
1985,12,1985.12,-0.1048709677
1986,1,1986.1,0.8668387097
1986,2,1986.2,0.4608214286
1986,3,1986.3,1.034354839
1986,4,1986.4,0.6860666667
1986,5,1986.5,0.5686451613
1986,6,1986.6,0.1846666667
1986,7,1986.7,-0.005
1986,8,1986.8,0.1347741935
1986,9,1986.9,-0.3807666667
1986,10,1986.10,0.009741935484
1986,11,1986.11,-0.3256666667
1986,12,1986.12,0.02867741935
1987,1,1987.1,0.1913548387
1987,2,1987.2,1.090464286
1987,3,1987.3,0.09609677419
1987,4,1987.4,0.6867333333
1987,5,1987.5,0.4197741935
1987,6,1987.6,0.6101666667
1987,7,1987.7,0.5999354839
1987,8,1987.8,0.06829032258
1987,9,1987.9,0.3776333333
1987,10,1987.10,0.06993548387
1987,11,1987.11,-0.1002
1987,12,1987.12,0.647
1988,1,1988.1,0.598483871
1988,2,1988.2,0.3361724138
1988,3,1988.3,0.6967419355
1988,4,1988.4,0.8268666667
1988,5,1988.5,0.7567419355
1988,6,1988.6,0.7165333333
1988,7,1988.7,0.5916451613
1988,8,1988.8,0.7400322581
1988,9,1988.9,0.5217
1988,10,1988.10,0.5734193548
1988,11,1988.11,0.08153333333
1988,12,1988.12,0.3375806452
1989,1,1989.1,0.4065483871
1989,2,1989.2,0.1816428571
1989,3,1989.3,0.8388064516
1989,4,1989.4,0.6090333333
1989,5,1989.5,0.2968387097
1989,6,1989.6,0.1283666667
1989,7,1989.7,0.4612903226
1989,8,1989.8,0.2843870968
1989,9,1989.9,0.2347333333
1989,10,1989.10,0.3668064516
1989,11,1989.11,0.1242
1989,12,1989.12,0.1771612903
1990,1,1990.1,0.8898387097
1990,2,1990.2,0.6178214286
1990,3,1990.3,1.573258065
1990,4,1990.4,1.0378
1990,5,1990.5,0.7169032258
1990,6,1990.6,0.6698666667
1990,7,1990.7,0.4857419355
1990,8,1990.8,0.3546451613
1990,9,1990.9,0.0835
1990,10,1990.10,0.4287419355
1990,11,1990.11,0.6802
1990,12,1990.12,0.5008709677
1991,1,1991.1,0.5579677419
1991,2,1991.2,0.9238214286
1991,3,1991.3,0.5785483871
1991,4,1991.4,1.036266667
1991,5,1991.5,0.6191612903
1991,6,1991.6,0.8415666667
1991,7,1991.7,0.8464193548
1991,8,1991.8,0.5965483871
1991,9,1991.9,0.4595666667
1991,10,1991.10,0.4462903226
1991,11,1991.11,0.03276666667
1991,12,1991.12,0.3629677419
1992,1,1992.1,0.8044516129
1992,2,1992.2,0.7721724138
1992,3,1992.3,0.7374193548
1992,4,1992.4,0.2925666667
1992,5,1992.5,0.4177741935
1992,6,1992.6,0.2467333333
1992,7,1992.7,-0.1017419355
1992,8,1992.8,-0.04435483871
1992,9,1992.9,-0.3511333333
1992,10,1992.10,-0.1801612903
1992,11,1992.11,-0.3086666667
1992,12,1992.12,0.1875483871
1993,1,1993.1,0.688516129
1993,2,1993.2,0.4425714286
1993,3,1993.3,0.9175483871
1993,4,1993.4,0.6223
1993,5,1993.5,0.5653870968
1993,6,1993.6,0.2059333333
1993,7,1993.7,0.2928387097
1993,8,1993.8,0.1188064516
1993,9,1993.9,-0.2072333333
1993,10,1993.10,0.2031935484
1993,11,1993.11,-0.6480666667
1993,12,1993.12,0.4001612903
1994,1,1994.1,0.2892903226
1994,2,1994.2,-0.5065357143
1994,3,1994.3,0.851516129
1994,4,1994.4,0.9182
1994,5,1994.5,0.6165483871
1994,6,1994.6,0.8121
1994,7,1994.7,0.6138709677
1994,8,1994.8,0.1787419355
1994,9,1994.9,0.3804666667
1994,10,1994.10,0.527516129
1994,11,1994.11,0.5498
1994,12,1994.12,0.4288064516
1995,1,1995.1,0.7632903226
1995,2,1995.2,1.516214286
1995,3,1995.3,0.9264516129
1995,4,1995.4,0.7749333333
1995,5,1995.5,0.5920967742
1995,6,1995.6,0.7901666667
1995,7,1995.7,0.9319032258
1995,8,1995.8,0.9047096774
1995,9,1995.9,0.3272333333
1995,10,1995.10,0.8053548387
1995,11,1995.11,0.4449666667
1995,12,1995.12,0.2579032258
1996,1,1996.1,0.181516129
1996,2,1996.2,0.865137931
1996,3,1996.3,0.2536451613
1996,4,1996.4,0.5445666667
1996,5,1996.5,0.3876451613
1996,6,1996.6,0.4034333333
1996,7,1996.7,0.5377419355
1996,8,1996.8,0.8358064516
1996,9,1996.9,0.0907
1996,10,1996.10,0.3099354839
1996,11,1996.11,0.1809333333
1996,12,1996.12,0.5924193548
1997,1,1997.1,0.3705483871
1997,2,1997.2,0.7817857143
1997,3,1997.3,0.9424516129
1997,4,1997.4,0.4805333333
1997,5,1997.5,0.6136451613
1997,6,1997.6,0.7802333333
1997,7,1997.7,0.3449354839
1997,8,1997.8,0.4462258065
1997,9,1997.9,0.5512
1997,10,1997.10,0.5622258065
1997,11,1997.11,0.5712
1997,12,1997.12,0.5554516129
1998,1,1998.1,0.863516129
1998,2,1998.2,1.650392857
1998,3,1998.3,0.8385483871
1998,4,1998.4,1.198633333
1998,5,1998.5,1.333258065
1998,6,1998.6,1.117333333
1998,7,1998.7,1.148
1998,8,1998.8,0.9495483871
1998,9,1998.9,0.6699333333
1998,10,1998.10,0.4017419355
1998,11,1998.11,0.1812333333
1998,12,1998.12,0.7522258065
1999,1,1999.1,0.9767419355
1999,2,1999.2,1.460142857
1999,3,1999.3,0.4619354839
1999,4,1999.4,0.6949666667
1999,5,1999.5,0.5520322581
1999,6,1999.6,0.6838
1999,7,1999.7,0.7107741935
1999,8,1999.8,0.5232903226
1999,9,1999.9,0.5775
1999,10,1999.10,0.425483871
1999,11,1999.11,0.5160333333
1999,12,1999.12,0.5838387097
2000,1,2000.1,0.2394516129
2000,2,2000.2,1.074103448
2000,3,2000.3,1.010258065
2000,4,2000.4,1.1624
2000,5,2000.5,0.8470322581
2000,6,2000.6,0.6246666667
2000,7,2000.7,0.5444516129
2000,8,2000.8,0.761483871
2000,9,2000.9,0.3451666667
2000,10,2000.10,0.2629032258
2000,11,2000.11,-0.1321333333
2000,12,2000.12,-0.1106774194
2001,1,2001.1,0.7333548387
2001,2,2001.2,0.5497142857
2001,3,2001.3,0.9900645161
2001,4,2001.4,1.172233333
2001,5,2001.5,1.178193548
2001,6,2001.6,0.7011
2001,7,2001.7,0.856483871
2001,8,2001.8,0.7413225806
2001,9,2001.9,0.3934666667
2001,10,2001.10,0.5388387097
2001,11,2001.11,1.004366667
2001,12,2001.12,0.5279354839
2002,1,2002.1,1.421258065
2002,2,2002.2,1.6515
2002,3,2002.3,1.415548387
2002,4,2002.4,1.343666667
2002,5,2002.5,0.917516129
2002,6,2002.6,0.9373666667
2002,7,2002.7,1.079225806
2002,8,2002.8,0.7250322581
2002,9,2002.9,0.8768
2002,10,2002.10,0.3285483871
2002,11,2002.11,0.6248
2002,12,2002.12,0.3409032258
2003,1,2003.1,1.260225806
2003,2,2003.2,0.8278214286
2003,3,2003.3,1.150322581
2003,4,2003.4,1.0224
2003,5,2003.5,1.075935484
2003,6,2003.6,0.6660666667
2003,7,2003.7,0.8318387097
2003,8,2003.8,0.963516129
2003,9,2003.9,0.6187333333
2003,10,2003.10,0.9091290323
2003,11,2003.11,0.5187666667
2003,12,2003.12,1.194741935
2004,1,2004.1,0.7857741935
2004,2,2004.2,1.205758621
2004,3,2004.3,1.375193548
2004,4,2004.4,0.9262333333
2004,5,2004.5,0.4323225806
2004,6,2004.6,0.4287
2004,7,2004.7,0.1839032258
2004,8,2004.8,0.3063225806
2004,9,2004.9,0.5101333333
2004,10,2004.10,0.8116774194
2004,11,2004.11,0.9583
2004,12,2004.12,0.4990645161
2005,1,2005.1,1.108064516
2005,2,2005.2,0.8324642857
2005,3,2005.3,1.27
2005,4,2005.4,1.617
2005,5,2005.5,1.010709677
2005,6,2005.6,1.197566667
2005,7,2005.7,1.041806452
2005,8,2005.8,0.6741290323
2005,9,2005.9,1.0993
2005,10,2005.10,1.192451613
2005,11,2005.11,1.204033333
2005,12,2005.12,0.736483871
2006,1,2006.1,1.156032258
2006,2,2006.2,1.042464286
2006,3,2006.3,1.092967742
2006,4,2006.4,1.1849
2006,5,2006.5,0.6862258065
2006,6,2006.6,1.052166667
2006,7,2006.7,1.068129032
2006,8,2006.8,0.9036451613
2006,9,2006.9,0.7596666667
2006,10,2006.10,0.8467741935
2006,11,2006.11,0.6892
2006,12,2006.12,1.285741935
2007,1,2007.1,1.765677419
2007,2,2007.2,0.9261785714
2007,3,2007.3,1.690419355
2007,4,2007.4,1.412566667
2007,5,2007.5,1.465354839
2007,6,2007.6,1.083266667
2007,7,2007.7,0.9393225806
2007,8,2007.8,1.009193548
2007,9,2007.9,0.7284666667
2007,10,2007.10,0.9780645161
2007,11,2007.11,0.7545
2007,12,2007.12,0.6391612903
2008,1,2008.1,0.1875483871
2008,2,2008.2,0.5993103448
2008,3,2008.3,1.509322581
2008,4,2008.4,1.144833333
2008,5,2008.5,0.8281612903
2008,6,2008.6,0.8751
2008,7,2008.7,0.8810967742
2008,8,2008.8,0.5762258065
2008,9,2008.9,0.6996666667
2008,10,2008.10,0.9881612903
2008,11,2008.11,1.0385
2008,12,2008.12,0.5788709677
2009,1,2009.1,0.94
2009,2,2009.2,1.073214286
2009,3,2009.3,1.02283871
2009,4,2009.4,1.2472
2009,5,2009.5,1.111129032
2009,6,2009.6,0.8829666667
2009,7,2009.7,0.9835483871
2009,8,2009.8,0.9028709677
2009,9,2009.9,1.113133333
2009,10,2009.10,0.4619354839
2009,11,2009.11,1.106533333
2009,12,2009.12,0.2812580645
2010,1,2010.1,1.082419355
2010,2,2010.2,1.125464286
2010,3,2010.3,1.765967742
2010,4,2010.4,1.6425
2010,5,2010.5,1.196870968
2010,6,2010.6,1.138033333
2010,7,2010.7,1.003612903
2010,8,2010.8,0.9358064516
2010,9,2010.9,0.7617
2010,10,2010.10,1.085387097
2010,11,2010.11,1.1836
2010,12,2010.12,0.3408709677
2011,1,2011.1,0.6967741935
2011,2,2011.2,0.6188214286
2011,3,2011.3,1.021774194
2011,4,2011.4,1.426266667
2011,5,2011.5,0.7826774194
2011,6,2011.6,1.085333333
2011,7,2011.7,1.209387097
2011,8,2011.8,1.240064516
2011,9,2011.9,0.8214666667
2011,10,2011.10,0.852516129
2011,11,2011.11,0.6202333333
2011,12,2011.12,0.7845483871
2012,1,2012.1,0.7018709677
2012,2,2012.2,0.1602068966
2012,3,2012.3,1.209290323
2012,4,2012.4,1.2011
2012,5,2012.5,1.392645161
2012,6,2012.6,0.9961333333
2012,7,2012.7,0.9285483871
2012,8,2012.8,0.8820645161
2012,9,2012.9,0.8679333333
2012,10,2012.10,0.9197096774
2012,11,2012.11,0.8291
2012,12,2012.12,0.3207419355
2013,1,2013.1,0.9479354839
2013,2,2013.2,1.059321429
2013,3,2013.3,0.9577741935
2013,4,2013.4,0.9627666667
2013,5,2013.5,1.124
2013,6,2013.6,1.182566667
2013,7,2013.7,0.8311290323
2013,8,2013.8,0.8768064516
2013,9,2013.9,0.9884666667
2013,10,2013.10,0.8828064516
2013,11,2013.11,1.0402
2013,12,2013.12,0.8313548387
2014,1,2014.1,1.082774194
2014,2,2014.2,0.3730357143
2014,3,2014.3,1.168677419
2014,4,2014.4,1.527466667
2014,5,2014.5,1.360258065
2014,6,2014.6,0.9664333333
2014,7,2014.7,0.7570967742
2014,8,2014.8,0.9231290323
2014,9,2014.9,0.9551333333
2014,10,2014.10,1.099935484
2014,11,2014.11,0.3034333333
2014,12,2014.12,1.195451613
2015,1,2015.1,1.329903226
2015,2,2015.2,1.234
2015,3,2015.3,1.853516129
2015,4,2015.4,1.226433333
2015,5,2015.5,1.163419355
2015,6,2015.6,1.217566667
2015,7,2015.7,0.8176451613
2015,8,2015.8,0.925
2015,9,2015.9,0.9167
2015,10,2015.10,1.259548387
2015,11,2015.11,1.131133333
2015,12,2015.12,1.867903226
2016,1,2016.1,1.284258065
2016,2,2016.2,2.279137931
2016,3,2016.3,2.292580645
2016,4,2016.4,1.867533333
2016,5,2016.5,1.330612903
2016,6,2016.6,1.174733333
2016,7,2016.7,1.065709677
2016,8,2016.8,1.339612903
2016,9,2016.9,1.189733333
2016,10,2016.10,0.814516129
2016,11,2016.11,1.060233333
2016,12,2016.12,1.010677419
2017,1,2017.1,1.450935484
2017,2,2017.2,1.966392857
2017,3,2017.3,1.993741935
2017,4,2017.4,1.556133333
2017,5,2017.5,1.352290323
2017,6,2017.6,1.0727
2017,7,2017.7,1.12383871
2017,8,2017.8,0.9965806452
2017,9,2017.9,0.925
2017,10,2017.10,1.160677419
2017,11,2017.11,0.9298666667
2017,12,2017.12,1.167064516
2018,1,2018.1,1.229387097
2018,2,2018.2,1.098571429
2018,3,2018.3,1.476870968
2018,4,2018.4,1.446166667
2018,5,2018.5,1.627290323
2018,6,2018.6,1.048166667
2018,7,2018.7,1.264935484
2018,8,2018.8,0.9406774194
2018,9,2018.9,0.9056
2018,10,2018.10,1.101096774
2018,11,2018.11,0.3985666667
2018,12,2018.12,1.214096774
2019,1,2019.1,1.335322581
2019,2,2019.2,1.28925
2019,3,2019.3,1.932419355
2019,4,2019.4,1.867066667
2019,5,2019.5,1.092935484
2019,6,2019.6,1.292433333
2019,7,2019.7,1.177806452
2019,8,2019.8,1.087935484
2019,9,2019.9,1.235333333
2019,10,2019.10,1.195483871
2019,11,2019.11,0.9338666667
2019,12,2019.12,1.665258065
2020,1,2020.1,2.020806452
2020,2,2020.2,2.003103448
2020,3,2020.3,2.017548387
2020,4,2020.4,1.613866667
2020,5,2020.5,1.398322581
2020,6,2020.6,1.378566667
2020,7,2020.7,1.173645161
2020,8,2020.8,1.246387097
2020,9,2020.9,1.276833333
2020,10,2020.10,1.054741935
2020,11,2020.11,1.559733333
2020,12,2020.12,0.9426129032
2021,1,2021.1,1.217096774
2021,2,2021.2,0.5618571429
2021,3,2021.3,1.764032258
2021,4,2021.4,1.2405
2021,5,2021.5,1.117064516
2021,6,2021.6,1.5228
2021,7,2021.7,1.301483871
2021,8,2021.8,1.114258065
2021,9,2021.9,1.2055
2021,10,2021.10,1.358903226
2021,11,2021.11,1.0086
2021,12,2021.12,1.376032258